<?xml version="1.0" encoding="UTF-8"?>
<project-private xmlns="http://www.netbeans.org/ns/project-private/1">
    <editor-bookmarks xmlns="http://www.netbeans.org/ns/editor-bookmarks/2" lastBookmarkId="0"/>
    <open-files xmlns="http://www.netbeans.org/ns/projectui-open-files/2">
        <group>
            <file>file:/C:/Users/ilian/Documents/%23Polytech/4A/S4/SIH/Technique/NF+UI/SIH_V4/src/UI/AjouterExamenMA.java</file>
            <file>file:/C:/Users/ilian/Documents/%23Polytech/4A/S4/SIH/Technique/NF+UI/SIH_V4/src/UI/AfficherPatientMA.java</file>
            <file>file:/C:/Users/ilian/Documents/%23Polytech/4A/S4/SIH/Technique/NF+UI/SIH_V4/src/UI/AjouterExamenPH.java</file>
        </group>
    </open-files>
</project-private>
